AGE_BUCKET,kroger_percentage,benchmark_percentage
45-54,0.23270526881821726,0.2611137576722923
55-64,0.23711669832225943,0.24932138404473594
35-44,0.23473902261101273,0.27411936379169777
65+,0.23905748571071692,0.25173284030797655
25-34,0.24066217940268014,0.28009404616144296
21-24,0.2296364876451805,0.28281301510718176
18-20,0.20263496539912793,0.3113665336273797
