Census_Region,kroger_percentage,benchmark_percentage
Northeast,0.218903134,0.347522949
Midwest,0.251680199,0.233947124
South,0.240214794,0.207533601
West,0.214437403,0.361445765
