ETHNICITY,kroger_percentage,benchmark_percentage
Hispanic/Latino,0.20417057984915088,0.2970693808026876
Other,0.23046116106625075,0.29683012412417165
Black or African American,0.2419078440072431,0.2315817533805062
White/Caucasian,0.2412330750761214,0.25006773555630024
Asian,0.19383944549616272,0.32523529737431156
